LinearRegression,Lasso,Ridge,ElasticNet,DecisionTreeRegressor,RandomForestRegressor,GradientBoostingRegressor,XGBRegressor
69.12840027021696,69.12840027021696,69.12840450327946,69.12845662780566,19.080313121176886,3.0206721224161637,0.42709530002183643,7.902968487198638
8.314349058718726,8.314349058718726,8.314349313282396,8.314352447894283,4.368101775505796,1.7380080904346111,0.653525286444095,2.811221885088162
6.435577112269106,6.435577112269105,6.435566964086002,6.435542702973593,2.9506224181980008,1.120298617466316,0.4308726192930365,2.047974180568453
0.5492938274586603,0.5492938274586603,0.5492937998597662,0.5492934600161474,0.87559939382192,0.9803056983023651,0.9972154065878742,0.9484739026990804
0.5485206360261377,0.5485206360261377,0.5485206083798974,0.548520267953273,0.8753859832037446,0.9802719125096029,0.9972106295870242,0.9483855091082853
