LinearRegression,Lasso,Ridge,ElasticNet,DecisionTreeRegressor,RandomForestRegressor,GradientBoostingRegressor,XGBRegressor
64.65964938168044,64.65976282776485,64.65965369932051,64.65970686379077,15.472123444644343,9.184628544933432,0.5713240217928237,6.491443091085319
8.041122395641073,8.041129449757966,8.041122664113544,8.041125969899413,3.9334620176943798,3.030615208985369,0.7558597897711081,2.5478310562290662
6.2195585844276104,6.219767749891004,6.21957327005458,6.219621213344815,2.67644566846813,2.0272536040564644,0.4916325552800712,1.8054179676796147
0.5784293723452782,0.5784286326948553,0.5784293441949518,0.5784289975710635,0.8991242165077676,0.9401176830142219,0.9962750582664053,0.957676823730673
0.5777061632628113,0.5777054223435099,0.5777061350641925,0.5777057878456672,0.8989511629835494,0.9400149542359761,0.9962686680875914,0.95760421785287
