LinearRegression,Lasso,Ridge,ElasticNet,DecisionTreeRegressor,RandomForestRegressor,GradientBoostingRegressor,XGBRegressor
59.31210050857626,59.31221185144491,59.31253497649295,59.312158810736406,15.391320195613138,2.3172524694860037,0.03001816022886098,7.460820455571061
7.70143496425025,7.7014421929561285,7.70146317114436,7.701438749398479,3.923177308714601,1.5222524329052667,0.17325749689078676,2.731450247683648
6.007856220829383,6.008098718946174,6.008260143378515,6.008006380640913,2.665483938689883,0.9917325414732566,0.10393829133280481,1.9067709993273887
0.6132945402886038,0.6132938143508131,0.6132917076269039,0.6132941601677946,0.8996510408369494,0.9848918825366776,0.9998042863707159,0.9513566375266271
0.6126865128362273,0.6126857857570251,0.6126836757206569,0.6126861321177439,0.8994932594546176,0.9848681276350058,0.9998039786448837,0.951280154252298
